<DATE>	<OPEN>	<HIGH>	<LOW>	<CLOSE>	<TICKVOL>	<VOL>	<SPREAD>
2017.06.01	13.01	13.06	12.77	12.87	20149	7210500	1
2017.06.02	12.97	13.01	12.59	12.70	29898	13182300	1
2017.06.05	12.59	12.81	12.55	12.69	16685	5636900	1
2017.06.06	12.69	12.97	12.67	12.86	15145	6519400	1
2017.06.07	13.06	13.09	12.92	13.06	15754	6644600	1
2017.06.08	12.99	12.99	12.74	12.87	17900	7574600	1
2017.06.09	12.95	12.95	12.59	12.60	21399	8073600	1
2017.06.12	12.59	12.62	12.21	12.40	32161	16908100	1
2017.06.13	12.45	12.55	12.29	12.30	21788	16232700	1
2017.06.14	12.49	12.84	12.49	12.78	34865	25159500	1
2017.06.16	12.70	12.75	12.57	12.72	19146	13775100	1
2017.06.19	12.68	12.89	12.65	12.75	12662	4604900	1
2017.06.20	12.66	12.78	12.43	12.45	24446	10120000	1
2017.06.21	12.54	12.61	12.30	12.38	25377	8008400	1
2017.06.22	12.41	12.56	12.31	12.54	13009	5504200	1
2017.06.23	12.49	12.61	12.40	12.43	9816	3441300	1
2017.06.26	12.57	13.03	12.55	12.99	23057	14664800	1
2017.06.27	12.97	13.05	12.78	12.85	24578	14027200	1
2017.06.28	12.93	13.00	12.71	12.96	17426	7472400	1
2017.06.29	13.04	13.08	12.78	13.02	12940	6459500	1
2017.06.30	13.09	13.29	13.01	13.25	19257	8376900	1
2017.07.03	13.32	13.43	13.22	13.36	24748	7351000	1
2017.07.04	13.27	13.42	13.27	13.38	9047	3039600	1
2017.07.05	13.41	13.44	13.16	13.38	16901	7856300	1
2017.07.06	13.36	13.41	13.16	13.19	22835	8439200	1
2017.07.07	13.24	13.31	13.00	13.20	15463	12167800	1
2017.07.10	13.25	13.40	13.18	13.35	23926	12303100	1
2017.07.11	13.35	13.61	13.28	13.58	14474	6598400	1
2017.07.12	13.74	13.98	13.64	13.94	29582	16578500	1
2017.07.13	13.97	14.16	13.94	14.06	30808	13863600	1
2017.07.14	14.16	14.18	14.01	14.08	22515	10071700	1
2017.07.17	14.07	14.07	13.89	13.98	15763	6927300	1
2017.07.18	13.97	14.16	13.83	14.16	15546	7731100	1
2017.07.19	14.16	14.21	13.91	13.98	20842	11451200	1
2017.07.20	13.99	14.16	13.93	13.93	11789	9240700	1
2017.07.21	13.93	14.00	13.80	13.88	13694	6651900	1
2017.07.24	13.97	14.02	13.85	14.00	14493	5937400	1
2017.07.25	14.05	14.25	14.03	14.22	31362	16530200	1
2017.07.26	14.23	14.36	14.04	14.10	25362	14243500	1
2017.07.27	14.22	14.23	13.95	14.08	21335	9466300	1
2017.07.28	14.00	14.13	13.96	14.10	14289	5313900	1
2017.07.31	14.14	14.31	14.04	14.31	22601	9541900	1
2017.08.01	14.31	14.54	14.28	14.48	28614	10878200	1
2017.08.02	14.46	14.75	14.43	14.68	21967	12959200	1
2017.08.03	14.62	14.77	14.60	14.68	21756	6421800	1
2017.08.04	14.68	14.75	14.63	14.69	19460	6982300	1
2017.08.07	14.70	14.90	14.66	14.86	19541	7408900	1
2017.08.08	14.83	15.22	14.80	15.02	32209	13483300	1
2017.08.09	14.91	15.03	14.83	15.03	14859	5873000	1
2017.08.10	15.08	15.08	14.75	14.89	18022	6370200	1
2017.08.11	14.85	15.08	14.78	15.02	20048	7990200	1
2017.08.14	14.99	15.38	14.96	15.32	23702	10554200	1
2017.08.15	15.39	15.53	15.32	15.36	18290	7045800	1
2017.08.16	15.43	15.50	15.18	15.36	21153	13228000	1
2017.08.17	15.27	15.37	15.17	15.23	17439	6544900	1
2017.08.18	15.25	15.58	15.21	15.54	23011	9446700	1
2017.08.21	15.57	15.65	15.44	15.54	12971	6317800	1
2017.08.22	15.65	15.98	15.61	15.89	23542	13548300	1
2017.08.23	15.89	16.11	15.84	16.03	20440	9162300	1
2017.08.24	16.05	16.14	15.99	16.08	34334	11156600	1
2017.08.25	16.10	16.15	16.00	16.10	19525	7018100	1
2017.08.28	16.12	16.15	15.74	15.85	29469	12927300	1
2017.08.29	15.82	16.12	15.70	16.12	25219	7359000	1
2017.08.30	16.12	16.14	15.84	15.96	21437	6424800	1
2017.08.31	16.02	16.05	15.77	15.92	21148	8018900	1
2017.09.01	16.01	16.43	16.01	16.26	21235	8260900	1
2017.09.04	16.21	16.26	16.09	16.25	12000	4219200	1
2017.09.05	16.51	16.56	15.83	16.02	42564	17735700	1
2017.09.06	16.15	16.37	16.09	16.26	27627	15021600	1
2017.09.08	16.33	16.34	16.09	16.13	23152	8390900	1
2017.09.11	16.36	16.84	16.31	16.75	25043	11014200	1
2017.09.12	16.66	17.00	16.66	16.73	19046	9837500	1
2017.09.13	16.76	16.94	16.68	16.80	24785	10207000	1
2017.09.14	16.71	16.88	16.65	16.67	12949	8136300	1
2017.09.15	16.73	17.05	16.60	17.03	24285	17500200	1
2017.09.18	16.95	17.28	16.95	17.18	21838	9434800	1
2017.09.19	17.15	17.27	16.99	17.23	26359	9203100	1
2017.09.20	17.25	17.35	16.79	17.13	25276	9208900	1
2017.09.21	17.20	17.31	16.97	17.13	20257	7493300	1
2017.09.22	17.15	17.25	16.97	17.09	11662	5282500	1
2017.09.25	17.01	17.09	16.68	16.80	20805	9479700	1
2017.09.26	16.89	17.03	16.75	16.78	14829	7296900	1
2017.09.27	16.89	16.94	16.45	16.61	18369	7933600	1
2017.09.28	16.61	16.61	16.31	16.40	22853	8908100	1
2017.09.29	16.51	16.72	16.46	16.63	16610	7583800	1
2017.10.02	16.58	16.82	16.49	16.80	18026	8144000	1
2017.10.03	16.81	17.52	16.57	17.52	30257	17848300	1
2017.10.04	17.48	17.51	17.29	17.40	17184	9961000	1
2017.10.05	17.52	17.74	17.39	17.42	24074	13314100	1
2017.10.06	17.37	17.37	17.13	17.24	14581	5373300	1
2017.10.09	17.20	17.23	16.99	17.23	13195	7598500	1
2017.10.10	17.41	17.70	17.36	17.59	20268	10187500	1
2017.10.11	17.55	17.66	17.33	17.52	23118	8948400	1
2017.10.13	17.70	17.70	17.27	17.38	18174	9378300	1
2017.10.16	17.54	17.54	17.26	17.34	19777	7435700	1
2017.10.17	17.35	17.38	17.14	17.29	18893	6537900	1
2017.10.18	17.31	17.46	17.10	17.22	29962	10328900	1
2017.10.19	17.09	17.16	16.89	17.15	13195	5360900	1
2017.10.20	17.23	17.29	17.05	17.06	9492	3278500	1
2017.10.23	17.04	17.16	16.79	16.90	16935	7413900	1
2017.10.24	17.02	17.16	16.89	17.13	21410	7191200	1
2017.10.25	17.16	17.25	16.85	17.18	15741	5561700	1
2017.10.26	17.26	17.44	16.99	17.02	23050	8299900	1
2017.10.27	17.07	17.19	16.89	16.99	16092	7818300	1
2017.10.30	17.01	17.01	16.55	16.69	23986	9531900	1
2017.10.31	16.70	16.79	16.27	16.46	23677	13180800	1
2017.11.01	16.54	16.62	15.95	15.95	35789	13129900	1
2017.11.03	16.01	16.12	15.89	16.11	31327	18199500	1
2017.11.06	16.17	16.23	15.97	16.04	22425	7647100	1
2017.11.07	16.00	16.00	15.45	15.55	29043	14704400	1
2017.11.08	15.65	16.19	15.53	16.12	28962	11709200	1
2017.11.09	16.19	16.19	15.52	15.54	33513	11797300	1
2017.11.10	15.62	15.66	15.28	15.55	22510	9674200	1
2017.11.13	15.48	15.72	15.41	15.63	20878	8104300	1
2017.11.14	15.67	15.76	15.26	15.29	22962	8643200	1
2017.11.16	15.34	15.85	15.28	15.69	24078	8343300	1
2017.11.17	15.64	16.06	15.62	15.97	20589	6964700	1
2017.11.21	16.09	16.49	16.02	16.33	24709	10555200	1
2017.11.22	16.41	16.41	16.00	16.15	24834	11590400	1
2017.11.23	16.13	16.13	15.89	16.03	10449	2729000	1
2017.11.24	16.03	16.08	15.89	15.89	12800	4223700	1
2017.11.27	15.78	15.90	15.60	15.86	19619	7078500	1
2017.11.28	16.01	16.15	15.78	15.91	22970	8239200	1
2017.11.29	15.98	16.07	15.53	15.61	24324	8956800	1
2017.11.30	15.50	15.64	15.29	15.51	34545	16637000	1
2017.12.01	15.43	15.60	15.23	15.47	21597	8054900	1
2017.12.04	15.64	15.94	15.54	15.73	23009	10317300	1
2017.12.05	15.69	16.12	15.51	15.57	26228	10580800	1
2017.12.06	15.41	15.80	15.28	15.73	20109	7469500	1
2017.12.07	15.43	15.71	15.21	15.62	25794	15256800	1
2017.12.08	15.87	15.92	15.64	15.66	19474	9104300	1
2017.12.11	15.78	15.88	15.61	15.66	16981	10299500	1
2017.12.12	15.59	15.97	15.39	15.97	21126	10332800	1
2017.12.13	16.13	16.25	15.54	15.70	36603	16819600	1
2017.12.14	15.55	15.67	15.40	15.58	19399	10667400	1
2017.12.15	15.58	15.74	15.45	15.51	23752	13656200	1
2017.12.18	15.64	15.82	15.52	15.64	16261	11788200	1
2017.12.19	15.61	15.61	15.38	15.54	16365	7850300	1
2017.12.20	15.62	15.77	15.59	15.68	16354	5301500	1
2017.12.21	15.71	16.24	15.56	16.14	20724	10200100	1
2017.12.22	16.06	16.19	15.97	16.19	13312	10937400	1
2017.12.26	16.20	16.35	16.07	16.16	12884	4947100	1
2017.12.27	16.21	16.34	16.17	16.18	13953	4567900	1
2017.12.28	16.29	16.43	16.21	16.43	14171	6238700	1
2018.01.02	16.52	16.89	16.51	16.79	21445	8420500	1
2018.01.03	16.78	17.01	16.68	16.87	18553	5511500	1
2018.01.04	16.89	17.26	16.89	17.14	21075	9526000	1
2018.01.05	17.10	17.24	16.96	17.24	15174	6603700	1
2018.01.08	17.22	17.28	17.01	17.23	20123	6464500	1
2018.01.09	17.23	17.23	16.97	17.07	18839	5582100	1
2018.01.10	16.88	17.05	16.83	16.89	19088	8906700	1
2018.01.11	16.98	17.23	16.90	17.23	17790	6404600	1
2018.01.12	17.17	17.25	17.05	17.23	14764	4983400	1
2018.01.15	17.26	17.36	17.19	17.36	8115	6263600	1
2018.01.16	17.36	17.57	17.30	17.47	18542	7486300	1
2018.01.17	17.48	17.91	17.34	17.91	23229	7420200	1
2018.01.18	17.87	18.04	17.76	17.89	27587	8850900	1
2018.01.19	17.95	18.08	17.80	18.02	16245	10922500	1
2018.01.22	18.13	18.29	18.07	18.26	22077	8795700	1
2018.01.23	18.16	18.60	18.16	18.33	27491	21534900	1
2018.01.24	18.51	19.32	18.51	19.32	46950	20832500	1
2018.01.26	19.47	20.01	19.47	20.00	53821	19435100	1
2018.01.29	19.86	19.87	19.34	19.42	34667	12115100	1
2018.01.30	19.33	19.61	19.11	19.61	30457	12353000	1
2018.01.31	19.91	20.38	19.56	19.78	31473	18147200	1
2018.02.01	19.62	19.66	19.16	19.26	49386	24279600	1
2018.02.02	19.01	19.08	18.53	18.66	40902	19858100	1
2018.02.05	18.55	19.07	18.36	18.36	24502	11303600	1
2018.02.06	18.05	18.89	17.98	18.80	51308	33496100	1
2018.02.07	18.80	18.94	18.40	18.51	36933	13527100	1
2018.02.08	18.58	18.88	18.13	18.29	38204	12127800	1
2018.02.09	18.24	18.41	17.79	18.08	40842	13351300	1
2018.02.14	18.43	18.76	18.22	18.74	32829	14538800	1
2018.02.15	18.93	19.01	18.72	18.81	23925	6760300	1
2018.02.16	18.85	18.89	18.70	18.78	17744	7202000	1
2018.02.19	18.84	18.91	18.62	18.69	15646	5419300	1
2018.02.20	18.55	19.27	18.55	19.26	27149	11503400	1
2018.02.21	19.32	19.79	19.24	19.36	29344	22078600	1
2018.02.22	19.42	19.67	19.32	19.48	26638	9183700	1
2018.02.23	19.58	19.66	19.23	19.66	17971	8626500	1
2018.02.26	19.71	19.80	19.49	19.66	20903	7629400	1
2018.02.27	19.59	19.68	19.37	19.44	19397	6793500	1
2018.02.28	19.42	19.44	18.83	18.83	36026	18437000	1
2018.03.01	18.90	19.19	18.73	18.94	27020	9367100	1
2018.03.02	18.77	19.06	18.57	19.06	22637	7410300	1
2018.03.05	19.03	19.26	18.83	19.18	19896	7112800	1
2018.03.06	19.46	19.46	19.21	19.22	24096	7814700	1
2018.03.07	19.22	19.24	18.73	18.88	24084	8780100	1
2018.03.08	19.08	19.08	18.48	18.63	26331	9975000	1
2018.03.09	18.73	19.03	18.70	19.03	24154	10564900	1
2018.03.12	19.12	19.18	18.98	19.18	10286	6551600	1
2018.03.13	19.26	19.26	18.83	18.90	18580	8010900	1
2018.03.14	18.93	18.99	18.58	18.80	17521	7499600	1
2018.03.15	18.63	18.85	18.47	18.53	28375	13278200	1
2018.03.16	18.54	18.79	18.49	18.57	22227	19258700	1
2018.03.19	18.40	18.64	18.28	18.39	24784	9548900	1
2018.03.20	18.51	18.51	18.24	18.37	16733	7181900	1
2018.03.21	18.45	18.61	18.37	18.46	23440	11041500	1
2018.03.22	18.44	18.72	18.35	18.57	29019	10175700	1
2018.03.23	18.39	18.93	18.39	18.70	25586	10774400	1
2018.03.26	18.95	18.99	18.54	18.80	32336	8217700	1
2018.03.27	18.85	18.92	18.47	18.57	16932	5686500	1
2018.03.28	18.41	18.77	18.37	18.70	20205	7092600	1
2018.03.29	18.80	19.28	18.78	19.19	29641	15388600	1
2018.04.02	19.05	19.28	18.93	19.02	22658	8119400	1
2018.04.03	19.23	19.47	19.08	19.23	25737	13543700	1
2018.04.04	19.03	19.15	18.72	19.06	19572	7975900	1
2018.04.05	19.54	19.55	18.88	19.12	48120	24041900	1
2018.04.06	19.12	19.22	18.77	19.06	24563	8755500	1
2018.04.09	19.06	19.06	18.33	18.34	28561	11423600	1
2018.04.10	18.50	18.61	18.21	18.50	21325	12565000	1
2018.04.11	18.48	18.96	18.43	18.93	20719	8447200	1
2018.04.12	18.93	18.93	18.42	18.59	33674	18105300	1
2018.04.13	18.39	18.51	18.13	18.18	25800	11071100	1
2018.04.16	18.22	18.27	17.69	17.78	28225	9971700	1
2018.04.17	17.82	18.08	17.70	18.01	24000	9267700	1
2018.04.18	18.17	18.68	18.08	18.61	34602	25201100	1
2018.04.19	18.40	18.61	18.35	18.58	29495	11928700	1
2018.04.20	18.38	18.57	18.27	18.32	18550	7438900	1
2018.04.23	18.28	18.31	18.08	18.31	20940	5620500	1
2018.04.24	18.50	18.57	18.24	18.35	19776	6974500	1
2018.04.25	18.16	18.73	18.10	18.57	27735	14483900	1
2018.04.26	18.73	18.83	18.30	18.57	36799	21362600	1
2018.04.27	18.93	18.96	18.61	18.77	25419	10026800	1
2018.04.30	18.77	18.86	18.41	18.49	15937	8575400	1
2018.05.02	18.29	18.47	17.94	18.01	29164	13043100	1
2018.05.03	17.98	18.07	17.57	17.64	28592	13179700	1
2018.05.04	17.57	17.85	17.45	17.65	22456	10136400	1
2018.05.07	17.60	17.74	17.48	17.49	24257	10180800	1
2018.05.08	17.33	17.53	17.20	17.40	36425	14053800	1
2018.05.09	17.46	17.65	17.28	17.54	21598	7610800	1
2018.05.10	17.60	18.05	17.58	17.90	24074	8864700	1
2018.05.11	17.90	17.93	17.48	17.57	24615	9084400	1
2018.05.14	17.63	17.88	17.14	17.32	34456	11720800	1
2018.05.15	16.96	17.44	16.81	17.22	31167	12698400	1
2018.05.16	17.21	17.58	17.12	17.50	15822	8081700	1
2018.05.17	17.40	17.45	16.77	16.77	44778	18402000	1
2018.05.18	16.45	16.91	16.05	16.85	56365	26266500	1
2018.05.21	16.88	17.02	16.50	16.61	37580	19926500	1
2018.05.22	16.76	17.25	16.68	17.08	39656	14810000	1
2018.05.23	16.85	17.01	16.59	16.63	23992	11744600	1
2018.05.24	16.54	16.68	16.32	16.66	25046	10485600	1
2018.05.25	16.73	16.75	16.14	16.33	28084	14932700	1
2018.05.28	16.10	16.14	15.62	15.64	27818	8488000	1
2018.05.29	15.89	16.10	15.62	15.70	40212	12748000	1
2018.05.30	15.67	15.96	15.56	15.61	45047	24589800	1
2018.06.01	15.84	16.18	15.58	15.99	35034	14525100	1
2018.06.04	16.18	16.35	16.03	16.15	24132	10278000	1
2018.06.05	16.01	16.18	15.30	15.37	30839	15201500	1
2018.06.06	15.22	15.59	14.95	15.12	30828	13828600	1
2018.06.07	14.76	14.90	14.16	14.85	55974	21817200	1
2018.06.08	14.74	15.01	14.24	14.72	41667	20066400	1
2018.06.11	14.76	14.91	14.33	14.44	29021	10065300	1
2018.06.12	14.45	14.69	14.26	14.40	26387	11898400	1
2018.06.13	14.50	14.50	13.84	14.11	43892	14371300	1
2018.06.14	14.16	14.25	13.54	13.54	46393	24999900	1
2018.06.15	13.52	13.78	13.31	13.78	57027	33307800	1
2018.06.18	13.62	13.65	13.28	13.33	32968	14240300	1
2018.06.19	13.23	14.22	13.22	14.02	47767	22018600	1
2018.06.20	14.25	14.55	13.96	14.32	41656	17881100	1
2018.06.21	14.21	14.40	13.65	13.73	28232	13075300	1
2018.06.22	13.94	14.09	13.73	13.99	21683	19879000	1
2018.06.25	14.10	14.14	13.62	13.97	28929	16833400	1
2018.06.26	14.08	14.14	13.68	13.90	23191	14839200	1
2018.06.27	13.90	14.02	13.56	13.67	23133	12034700	1
2018.06.28	13.64	14.22	13.64	14.14	20358	9818200	1
2018.06.29	14.25	14.47	14.11	14.40	27897	14819700	1
2018.07.02	14.17	14.35	14.12	14.30	20202	9817900	1
2018.07.03	14.46	15.05	14.40	14.96	27789	13061500	1
2018.07.04	14.98	15.19	14.82	15.17	19741	7845900	1
2018.07.05	15.24	15.24	14.77	15.13	24055	12987000	1
2018.07.06	15.09	15.21	14.87	15.18	20520	10011800	1
2018.07.10	15.26	15.42	14.76	14.98	26804	16118000	1
2018.07.11	14.84	15.09	14.71	14.92	23951	12336100	1
2018.07.12	15.09	15.36	15.05	15.36	24447	14618300	1
2018.07.13	15.30	15.73	15.23	15.66	30586	16565800	1
2018.07.16	15.65	15.80	15.52	15.73	27000	9526900	1
2018.07.17	15.70	16.26	15.63	16.19	36209	13630500	1
2018.07.18	16.13	16.27	15.68	15.79	28049	11787400	1
2018.07.19	15.54	15.99	15.38	15.99	28487	13823400	1
2018.07.20	16.54	16.81	16.33	16.54	46377	26986700	1
2018.07.23	16.37	16.46	16.24	16.35	25336	12813300	1
2018.07.24	16.54	16.68	16.43	16.60	29368	12673000	1
2018.07.25	16.71	17.07	16.57	16.90	39868	30307200	1
2018.07.26	17.11	17.11	16.26	16.47	31972	21149200	1
2018.07.27	16.60	16.72	16.44	16.65	24140	16732400	1
2018.07.30	16.70	16.87	16.56	16.77	22308	9181000	1
2018.07.31	16.70	16.78	16.38	16.45	27847	10639800	1
2018.08.01	16.29	16.79	16.27	16.67	19947	11576500	1
2018.08.02	16.50	16.75	16.39	16.67	16227	8117600	1
2018.08.03	16.77	17.41	16.77	17.30	34185	20219400	1
2018.08.06	17.36	17.40	17.08	17.19	22764	8432600	1
2018.08.07	17.25	17.37	16.74	16.93	32822	14635700	1
2018.08.08	16.90	17.14	16.44	16.52	29022	13576600	1
2018.08.09	16.51	16.79	16.25	16.35	26730	9080400	1
2018.08.10	16.13	16.15	15.44	15.54	38446	18226700	1
2018.08.13	15.40	15.88	15.37	15.84	21789	9011900	1
2018.08.14	16.05	16.19	15.76	16.11	20697	11569700	1
2018.08.15	15.85	16.09	15.75	15.91	36909	15453200	1
2018.08.16	15.91	16.09	15.76	15.91	19631	7999300	1
2018.08.17	15.65	15.78	15.40	15.43	32270	13045200	1
2018.08.20	15.42	15.60	15.27	15.53	23387	10539200	1
2018.08.21	15.44	15.62	14.99	15.15	49109	19431200	1
2018.08.22	15.04	15.55	14.85	15.52	28706	11751600	1
2018.08.23	15.50	15.64	15.01	15.13	24905	13226900	1
2018.08.24	15.47	15.47	15.18	15.27	15172	7258800	1
2018.08.27	15.42	15.78	15.33	15.68	18619	9325400	1
2018.08.28	15.62	15.72	15.41	15.58	22205	8155900	1
2018.08.29	15.69	15.90	15.64	15.77	20130	7531100	1
2018.08.30	15.60	15.69	15.09	15.09	33848	15394000	1
2018.08.31	15.12	15.42	15.03	15.30	21088	11825200	1
2018.09.03	15.10	15.23	14.93	15.16	12721	4999400	1
2018.09.04	15.10	15.12	14.73	14.82	24978	9208700	1
2018.09.05	14.81	14.99	14.65	14.91	20481	11256700	1
2018.09.06	15.00	15.38	14.80	15.34	32366	12516400	1
2018.09.10	15.53	15.62	15.23	15.40	33938	20887800	1
2018.09.11	15.04	15.04	14.74	14.94	34300	13396900	1
2018.09.12	15.00	15.19	14.86	14.94	19858	14537900	1
2018.09.13	15.04	15.06	14.73	14.88	16427	8323200	1
2018.09.14	14.81	15.08	14.69	14.95	27120	13294600	1
2018.09.17	14.87	15.50	14.86	15.37	22619	9411700	1
2018.09.18	15.37	15.67	15.32	15.50	20415	11902100	1
2018.09.19	15.37	15.72	15.24	15.57	25761	13130900	1
2018.09.20	15.64	15.83	15.40	15.53	22048	9772500	1
2018.09.21	15.65	15.89	15.51	15.78	20655	18106000	1
2018.09.24	15.79	15.80	15.29	15.36	17431	9423000	1
2018.09.25	15.16	15.37	15.02	15.37	32291	19419600	1
2018.09.26	15.48	15.65	15.31	15.41	42417	14984900	1
2018.09.27	15.51	15.77	15.51	15.76	22744	13237300	1
2018.09.28	15.53	15.64	15.34	15.46	20828	9649100	1
2018.10.01	15.45	15.51	15.14	15.29	16896	7630400	1
2018.10.02	15.71	16.29	15.65	16.19	41120	21793300	1
2018.10.03	17.46	17.54	16.72	16.89	64333	36983600	1
2018.10.04	16.80	16.98	16.57	16.97	30673	15544200	1
2018.10.05	17.22	17.27	16.62	16.72	26883	19500400	1
2018.10.08	18.35	18.35	17.63	17.85	70489	38593700	1
2018.10.09	17.85	18.11	17.54	17.92	38074	22339800	1
2018.10.10	17.65	17.75	17.28	17.34	30393	18715300	1
2018.10.11	17.54	17.54	16.93	17.23	29346	16873600	1
2018.10.15	17.43	17.52	17.28	17.33	33768	14534100	1
2018.10.16	17.49	18.15	17.49	18.15	27916	18964000	1
2018.10.17	17.95	18.28	17.91	18.17	35636	19019700	1
2018.10.18	18.01	18.08	17.67	17.67	31657	13783600	1
2018.10.19	17.85	17.99	17.56	17.73	16607	7213800	1
2018.10.22	17.86	18.10	17.83	17.95	20981	8883200	1
2018.10.23	17.65	18.11	17.63	18.01	19907	9394100	1
2018.10.24	17.92	18.09	17.58	17.58	28789	13913100	1
2018.10.25	17.76	18.38	17.72	18.09	42935	18289000	1
2018.10.26	18.31	18.40	17.90	18.40	44956	24431300	1
2018.10.29	19.21	19.38	17.75	18.05	55576	31025200	1
2018.10.30	18.13	18.82	17.75	18.76	63116	25258900	1
2018.10.31	19.00	19.11	18.20	18.51	42564	19381000	1
2018.11.01	19.00	19.57	18.86	19.57	71843	40240700	1
2018.11.05	19.53	20.13	19.35	19.99	54582	20263500	1
2018.11.06	19.61	19.89	19.43	19.77	39812	19648600	1
2018.11.07	19.87	19.96	19.24	19.39	38607	20870000	1
2018.11.08	19.62	19.68	18.95	18.98	29024	15817000	1
2018.11.09	18.87	19.29	18.77	19.26	32407	15582800	1
2018.11.12	19.28	19.36	18.97	19.25	34747	11395300	1
2018.11.13	19.25	19.37	18.72	18.90	32172	12967000	1
2018.11.14	19.01	19.23	18.75	19.17	34905	21271600	1
2018.11.16	19.34	20.10	19.18	20.10	40288	22765800	1
2018.11.19	19.98	20.04	19.66	20.01	21870	9684400	1
2018.11.21	19.63	19.85	19.55	19.79	27269	13564300	1
2018.11.22	19.79	19.93	19.72	19.87	19439	6524900	1
2018.11.23	19.79	19.97	19.72	19.83	20079	10131600	1
2018.11.26	19.97	20.19	19.29	19.54	24976	15667900	1
2018.11.27	19.61	20.34	19.51	20.34	36347	12881500	1
2018.11.28	20.26	20.82	19.95	20.76	34458	17098200	1
2018.11.29	20.54	21.01	20.49	21.01	26026	13940700	1
2018.11.30	20.84	21.18	20.74	20.77	28681	15793600	1
2018.12.03	21.06	21.06	20.27	20.41	53502	23095700	1
2018.12.04	20.51	20.58	20.00	20.35	28752	18367000	1
2018.12.05	20.36	20.42	20.09	20.34	14417	5957700	1
2018.12.06	20.05	20.59	19.80	20.56	29102	11450700	1
2018.12.07	20.53	20.88	20.29	20.47	25543	10937900	1
2018.12.10	20.53	20.61	20.02	20.07	28613	19218400	1
2018.12.11	20.36	20.45	19.99	20.30	24171	16545400	1
2018.12.12	20.44	20.62	20.16	20.44	37229	24252900	1
2018.12.13	20.40	20.98	20.36	20.98	19392	8268100	1
2018.12.14	20.72	20.97	20.58	20.74	23484	12051900	1
2018.12.17	20.71	20.84	20.30	20.34	20718	11324300	1
2018.12.18	20.42	20.83	20.36	20.71	20765	9216800	1
2018.12.19	20.85	21.05	20.42	20.42	22806	10542700	1
2018.12.20	20.66	20.75	20.37	20.53	24248	14663500	1
2018.12.21	20.55	20.66	20.19	20.37	27346	22747200	1
2018.12.26	20.00	20.23	19.73	20.10	32645	13226300	1
2018.12.27	20.10	20.60	20.07	20.60	33241	11251400	1
2018.12.28	20.84	21.29	20.71	21.23	26870	12122900	1
2019.01.02	21.23	22.40	21.10	22.18	37221	23320500	1
2019.01.03	22.14	22.47	21.89	22.41	37838	19605900	1
2019.01.04	22.22	22.68	21.98	22.23	34859	14906700	1
2019.01.07	22.17	22.69	22.17	22.49	31017	19583900	1
2019.01.08	22.55	22.64	21.97	22.63	59360	21242000	1
2019.01.09	22.79	23.02	22.67	23.02	47371	17270000	1
2019.01.10	22.86	23.27	22.75	22.95	34609	18645800	1
2019.01.11	22.85	22.95	22.61	22.80	38510	10815900	1
2019.01.14	22.86	23.07	22.71	23.07	22039	8705100	1
2019.01.15	22.94	23.08	22.72	23.03	26236	12578700	1
2019.01.16	22.92	23.23	22.91	23.14	28803	10849600	1
2019.01.17	23.10	23.35	22.92	23.21	23173	9636000	1
2019.01.18	23.38	23.60	23.24	23.45	32283	12583100	1
2019.01.21	23.43	23.50	22.97	23.18	20162	7815900	1
2019.01.22	23.18	23.34	22.89	23.08	21378	9820900	1
2019.01.23	23.16	23.47	23.08	23.47	24963	10827200	1
2019.01.24	23.33	23.71	23.33	23.71	28000	16133800	1
2019.01.28	23.41	24.07	23.41	23.90	35819	16448300	1
2019.01.29	24.15	24.20	23.59	23.59	27563	13430200	1
2019.01.30	23.77	23.85	23.10	23.54	39011	21471600	1
2019.01.31	24.48	25.24	24.29	24.87	66310	31807400	1
2019.02.01	24.86	24.86	24.30	24.56	55346	16619900	1
2019.02.04	24.36	25.26	24.20	25.10	34144	17576100	1
2019.02.05	24.98	25.39	24.82	25.11	42667	17397700	1
2019.02.06	24.76	24.85	23.82	23.93	42262	17156600	1
2019.02.07	24.20	24.49	23.78	24.29	35728	19279700	1
2019.02.08	24.21	24.87	24.03	24.55	35331	18525300	1
2019.02.11	24.51	24.62	24.07	24.41	26653	10323600	1
2019.02.12	24.78	25.20	24.52	24.90	33972	20359900	1
2019.02.13	25.05	25.10	24.46	24.51	66750	22716700	1
2019.02.14	24.60	25.48	24.05	25.45	54137	21472100	1
2019.02.15	25.37	25.56	25.09	25.28	33910	15116100	1
2019.02.18	25.11	25.26	24.51	24.71	28359	9864300	1
2019.02.19	24.90	25.24	24.79	24.92	28280	15305300	1
2019.02.20	25.12	25.24	24.50	24.50	34795	14263700	1
2019.02.21	24.60	24.78	24.35	24.72	36190	23679300	1
2019.02.22	24.90	24.95	24.20	24.51	36786	27554000	1
2019.02.25	24.57	24.65	24.16	24.27	29586	15391200	1
2019.02.26	24.27	24.71	24.17	24.70	22757	16727200	1
2019.02.27	24.64	24.73	24.35	24.43	31536	10356800	1
2019.02.28	24.48	24.51	23.72	23.78	28242	16648100	1
2019.03.01	23.93	23.93	23.28	23.39	41764	16375700	1
2019.03.06	23.49	23.56	23.07	23.21	24599	8496600	1
2019.03.07	23.13	23.43	23.03	23.38	26211	12784700	1
2019.03.08	23.31	23.73	23.00	23.70	26026	10532500	1
2019.03.11	23.75	24.66	23.73	24.66	34563	16396600	1
2019.03.12	24.67	24.73	24.35	24.73	21389	13290200	1
2019.03.13	24.68	25.10	24.48	24.97	34439	17715200	1
2019.03.14	24.89	25.02	24.62	25.02	25807	15225800	1
2019.03.15	24.96	25.22	24.96	25.13	20530	13899800	1
2019.03.18	25.22	25.31	25.04	25.26	17271	6781300	1
2019.03.19	25.28	25.28	24.70	24.72	23849	21548900	1
2019.03.20	24.80	24.88	24.01	24.05	33930	22862600	1
2019.03.21	24.10	24.19	23.18	23.52	37164	16125900	1
2019.03.22	23.17	23.20	22.42	22.69	54073	24788000	1
2019.03.25	22.52	23.03	22.50	22.74	30942	13099900	1
2019.03.26	23.01	23.12	22.74	22.89	32349	14516800	1
2019.03.27	22.50	22.64	22.08	22.09	43317	22012200	1
2019.03.28	22.10	23.34	21.99	23.22	50424	22565600	1
2019.03.29	23.48	23.61	23.25	23.61	33179	16833100	1
2019.04.01	24.01	24.28	23.66	23.80	28292	16604600	1
2019.04.02	23.93	24.20	23.12	23.49	23326	13079500	1
2019.04.03	23.68	23.84	23.01	23.23	30956	12295700	1
2019.04.04	23.52	23.86	23.18	23.83	36082	16701600	1
2019.04.05	23.90	24.16	23.61	24.03	23576	12033800	1
2019.04.08	24.10	24.16	23.74	24.06	25720	8659200	1
2019.04.09	23.91	23.97	23.51	23.97	36329	14276400	1
2019.04.10	24.09	24.09	23.61	23.63	24618	11865700	1
2019.04.11	23.58	23.74	22.99	23.25	24590	10085100	1
2019.04.12	23.01	23.57	22.85	23.04	50666	21113500	1
2019.04.15	23.27	23.30	22.82	22.99	37227	16805600	1
2019.04.16	22.96	23.26	22.81	22.95	32154	10886200	1
2019.04.17	23.05	23.09	22.25	22.63	35512	24242800	1
2019.04.18	22.83	23.24	22.44	22.94	30510	13719200	1
2019.04.22	22.93	23.32	22.67	23.13	34706	10610500	1
2019.04.23	23.28	23.83	23.22	23.69	28782	15598700	1
2019.04.24	23.67	23.69	23.10	23.53	38091	15785700	1
2019.04.25	23.63	23.81	22.87	23.81	64088	30909500	1
2019.04.26	23.75	23.91	23.60	23.74	26105	10347400	1
2019.04.29	23.87	23.96	23.36	23.43	27881	13493800	1
2019.04.30	23.46	23.66	23.18	23.49	31341	9530500	1
2019.05.02	23.33	23.65	23.14	23.50	25101	12953300	1
2019.05.03	23.57	23.87	23.50	23.75	22455	15120100	1
2019.05.06	23.58	23.64	23.08	23.11	25949	11379500	1
2019.05.07	23.04	23.06	22.44	22.96	35131	16994300	1
2019.05.08	23.06	23.73	23.06	23.44	31101	15814900	1
2019.05.09	23.18	23.24	22.82	23.03	27632	10390300	1
2019.05.10	22.96	23.17	22.58	22.83	26696	10916200	1
2019.05.13	22.39	22.55	22.17	22.26	30445	13973400	1
2019.05.14	22.39	22.47	22.06	22.19	22538	12383400	1
2019.05.15	21.94	22.03	21.61	21.95	36513	18552200	1
2019.05.16	21.74	21.93	21.39	21.70	51726	22018300	1
2019.05.17	21.62	21.95	21.42	21.86	44862	24245600	1
2019.05.20	21.87	22.46	21.71	22.46	30541	14606300	1
2019.05.21	22.59	23.45	22.35	23.38	49438	22317600	1
2019.05.22	23.44	23.45	22.90	22.96	32433	15236200	1
2019.05.23	22.79	23.03	22.46	22.85	26903	13944500	1
2019.05.24	23.04	23.05	22.45	22.63	25362	9669700	1
2019.05.27	22.84	23.19	22.69	22.95	23510	8686700	1
2019.05.28	22.87	23.63	22.80	23.59	40055	32921100	1
2019.05.29	23.44	24.15	23.40	24.05	38741	20750800	1
2019.05.30	23.90	24.50	23.82	24.50	26280	13876800	1
2019.05.31	24.31	24.69	24.27	24.44	27613	13641800	1
2019.06.03	24.50	24.63	24.20	24.36	31215	18295100	1
2019.06.04	24.53	24.62	24.26	24.48	24203	14625300	1
2019.06.05	24.49	24.65	23.87	24.10	24560	11139100	1
2019.06.06	24.43	24.72	24.16	24.63	31693	12128800	1
2019.06.07	24.59	24.95	24.55	24.64	27620	11825600	1
2019.06.10	24.42	24.50	23.82	24.35	34688	14783300	1
2019.06.11	24.51	24.61	24.14	24.46	39069	20127600	1
2019.06.12	24.51	24.74	24.08	24.18	42851	21454000	1
2019.06.13	24.15	24.25	23.54	23.91	60858	33185900	1
2019.06.14	23.82	24.00	23.57	23.87	23288	12640200	1
2019.06.17	23.83	24.04	23.65	23.81	29468	13829400	1
2019.06.18	24.04	24.21	23.89	24.02	30515	20203700	1
2019.06.19	23.94	24.38	23.63	24.31	29212	16119200	1
2019.06.21	24.45	24.86	24.44	24.86	27846	17706000	1
2019.06.24	24.88	25.17	24.78	25.06	21355	9747100	1
2019.06.25	25.00	25.21	24.57	24.85	30596	15209000	1
2019.06.26	24.94	25.26	24.71	25.16	25180	12801700	1
2019.06.27	24.92	25.19	24.61	25.04	19734	10020500	1
2019.06.28	25.19	25.29	24.91	24.94	23919	16746700	1
2019.07.01	25.28	25.34	24.85	24.97	22817	11798200	1
2019.07.02	24.97	25.24	24.62	25.05	34664	13610500	1
2019.07.03	24.90	25.53	24.83	25.39	23175	13333200	1
2019.07.04	25.71	26.14	25.67	25.94	29037	14245800	1
2019.07.05	25.86	26.26	25.66	26.16	29186	12956700	1
2019.07.08	26.20	26.24	25.90	26.04	21870	9282000	1
2019.07.10	26.29	26.51	25.84	25.92	52555	20455500	1
2019.07.11	25.86	25.86	25.29	25.70	39189	19753600	1
2019.07.12	25.80	25.89	25.19	25.23	37421	17458500	1
2019.07.15	25.41	25.41	24.98	25.12	21192	11674500	1
2019.07.16	25.15	25.25	24.95	25.13	20240	9127900	1
2019.07.17	25.19	25.30	24.99	24.99	27307	12931400	1
2019.07.18	25.09	25.60	25.03	25.54	26213	13862000	1
2019.07.19	25.43	25.45	24.86	24.96	27492	14274100	1
2019.07.22	25.04	25.55	25.03	25.31	32850	13530300	1
2019.07.23	25.51	25.55	25.21	25.39	24999	14532700	1
2019.07.24	25.46	25.87	25.45	25.87	34050	17825700	1
2019.07.25	25.03	25.21	24.33	24.36	84302	53515100	1
2019.07.26	24.66	24.68	24.05	24.05	44254	24595400	1
2019.07.29	24.13	24.26	23.86	24.00	27531	14301100	1
2019.07.30	23.84	23.86	23.28	23.50	70799	30322000	1
2019.07.31	23.57	23.61	22.75	22.90	65066	32099400	1
2019.08.01	23.23	23.53	22.70	22.70	56849	29291400	1
2019.08.02	22.79	23.12	22.52	22.77	42693	24154300	1
2019.08.05	22.38	22.70	22.16	22.36	49212	20471500	1
2019.08.06	22.58	22.82	22.41	22.70	47454	28262500	1
2019.08.07	22.58	23.29	22.37	23.17	50893	31637800	1
2019.08.08	23.37	23.47	23.01	23.29	47493	19005900	1
2019.08.09	23.23	23.40	22.81	22.90	27324	14432200	1
2019.08.12	22.44	22.62	22.21	22.42	45017	21709100	1
2019.08.13	22.32	23.06	22.28	22.65	35703	17187700	1
2019.08.14	22.35	22.48	21.96	22.20	44281	21759300	1
2019.08.15	22.33	22.42	21.78	22.05	34498	22423800	1
2019.08.16	22.26	22.41	21.93	22.10	32601	14481500	1
2019.08.19	22.29	22.30	21.63	21.78	40500	24679200	1
2019.08.20	21.85	21.85	21.27	21.57	37028	16732200	1
2019.08.21	21.88	22.05	21.67	21.99	44886	19441900	1
2019.08.22	22.05	22.11	21.69	21.71	26017	12388400	1
2019.08.23	21.33	21.66	21.00	21.23	44901	21895600	1
2019.08.26	21.35	21.36	20.83	21.01	31686	16038900	1
2019.08.27	21.15	21.49	20.94	21.28	30593	24474600	1
2019.08.28	21.07	21.41	20.96	21.15	23149	13123100	1
2019.08.29	21.33	21.71	21.14	21.55	38585	16241300	1
2019.08.30	21.76	22.08	21.71	21.88	34497	26941000	1
2019.09.02	22.02	22.14	21.65	21.66	25762	9597000	1
2019.09.03	21.56	21.96	21.22	21.30	26357	13995400	1
2019.09.04	21.65	21.68	21.38	21.57	24231	13490200	1
2019.09.05	21.85	22.67	21.70	22.07	38836	19839700	1
2019.09.06	22.21	22.99	22.21	22.99	54579	24566000	1
2019.09.09	23.10	23.62	23.10	23.28	45481	24429400	1
2019.09.10	23.20	23.36	22.67	22.87	44640	20339400	1
2019.09.11	22.98	23.05	22.63	22.77	23076	14383600	1
2019.09.12	22.96	22.97	22.47	22.53	34564	17924600	1
2019.09.13	22.62	22.67	22.11	22.23	45145	20951100	1
2019.09.16	22.13	22.21	21.80	21.94	38065	15532700	1
2019.09.17	21.86	22.53	21.84	22.53	28102	18001900	1
2019.09.18	22.55	22.69	22.35	22.59	29254	13510600	1
2019.09.19	22.76	22.92	22.29	22.32	22789	14340300	1
2019.09.20	22.42	22.71	22.37	22.71	32661	29255500	1
2019.09.23	22.63	22.76	22.27	22.76	25830	12861300	1
2019.09.24	22.79	22.84	22.33	22.47	26412	11556700	1
2019.09.25	22.41	22.65	22.21	22.61	20063	9670900	1
2019.09.26	22.63	23.03	22.54	22.94	23505	14970100	1
2019.09.27	22.91	23.11	22.59	22.93	25210	13597100	1
2019.09.30	22.91	22.98	22.54	22.54	31711	14407600	1
2019.10.01	22.78	22.81	22.10	22.23	24058	14163900	1
2019.10.02	22.01	22.01	21.29	21.37	40465	19007400	1
2019.10.03	21.39	21.59	21.12	21.43	26853	16597900	1
2019.10.04	21.43	21.71	21.21	21.65	24654	13757300	1
2019.10.07	21.94	22.11	21.50	21.51	36522	22314300	1
2019.10.08	21.75	21.97	21.49	21.49	29280	17092000	1
2019.10.09	21.72	22.27	21.61	22.11	27763	14047100	1
2019.10.10	22.11	22.54	22.11	22.36	21388	11604800	1
2019.10.11	22.51	22.83	22.51	22.61	30882	16178300	1
2019.10.14	22.54	23.04	22.48	22.93	19439	11584200	1
2019.10.15	22.94	23.29	22.81	23.12	27195	19633400	1
2019.10.16	23.14	23.67	22.91	23.67	34023	20618100	1
2019.10.17	23.67	23.90	23.22	23.27	50416	21530700	1
2019.10.18	23.25	23.35	23.03	23.16	24572	12841100	1
2019.10.21	23.17	23.39	22.97	23.32	20035	12171300	1
2019.10.22	23.32	23.98	23.25	23.98	42586	28728600	1
2019.10.23	23.81	24.53	23.71	24.19	38366	27251800	1
2019.10.24	24.21	24.31	23.92	24.16	39060	21707600	1
2019.10.25	24.21	24.58	24.12	24.48	30582	16189300	1
2019.10.28	24.43	25.38	24.38	25.36	53227	37767000	1
2019.10.29	25.25	25.33	24.84	25.01	37054	20656900	1
2019.10.30	24.84	25.16	24.44	25.13	36603	19064600	1
2019.10.31	24.32	24.53	23.92	24.10	58949	38210900	1
2019.11.01	24.29	24.41	23.68	23.90	47878	22101300	1
2019.11.04	24.03	24.18	23.87	23.92	28884	11974000	1
2019.11.05	24.27	24.32	23.83	24.24	38798	22582800	1
2019.11.06	24.24	24.48	23.93	24.11	32189	12199700	1
2019.11.07	24.24	24.30	24.05	24.17	22562	10141200	1
2019.11.08	24.00	24.13	23.37	23.48	38864	21825600	1
2019.11.11	23.36	23.52	23.19	23.42	35583	17711600	1
2019.11.12	23.27	23.48	22.93	23.20	29279	15012700	1
2019.11.13	23.07	23.18	22.73	22.96	33666	15091400	1
2019.11.14	22.83	23.06	22.73	22.87	31151	18606300	1
2019.11.18	23.15	23.19	22.57	22.71	45041	18808900	1
2019.11.19	22.76	22.88	22.49	22.67	25300	11760400	1
2019.11.21	22.80	23.04	22.59	22.80	42717	29178900	1
2019.11.22	22.84	23.19	22.75	23.18	30283	16597700	1
2019.11.25	23.27	23.34	22.95	23.06	28107	14502000	1
2019.11.26	22.87	23.00	22.49	22.57	39161	32289600	1
2019.11.27	22.67	23.11	22.49	22.95	39265	17959100	1
2019.11.28	22.63	22.87	22.44	22.77	29604	15250000	1
2019.11.29	22.89	23.00	22.67	22.88	23815	14100000	1
2019.12.02	22.95	23.23	22.89	23.03	21527	11664800	1
2019.12.03	23.18	23.34	23.01	23.11	23182	14647300	1
2019.12.04	23.19	23.71	23.12	23.71	29247	16864100	1
2019.12.05	23.73	24.08	23.65	23.80	38734	17488200	1
2019.12.06	23.80	24.02	23.51	23.54	33029	19718900	1
2019.12.09	23.56	23.80	23.32	23.73	39352	19813800	1
2019.12.10	23.73	23.88	23.53	23.65	26621	21860000	1
2019.12.11	23.73	23.89	23.30	23.51	38331	25691600	1
2019.12.12	23.63	23.86	23.49	23.83	29108	14115400	1
2019.12.13	23.87	24.21	23.73	23.87	51880	23335200	1
2019.12.16	24.01	24.13	23.45	23.45	57630	26849600	1
2019.12.17	23.67	24.03	23.49	23.88	39529	20612100	1
2019.12.18	23.88	24.68	23.82	24.55	63076	48614700	1
2019.12.19	24.49	25.00	24.47	25.00	56190	32951700	1
2019.12.20	24.90	24.97	24.64	24.80	28531	22379200	1
2019.12.23	24.80	24.96	24.66	24.95	28884	10267900	1
2019.12.26	24.97	25.36	24.89	25.27	28691	10453500	1
2019.12.27	25.36	25.47	25.09	25.17	23793	10404000	1
2019.12.30	25.27	25.36	24.99	25.14	17569	7455500	1
2020.01.02	25.39	26.07	25.16	26.07	45286	18806600	1
2020.01.03	25.65	26.42	25.64	26.08	43810	30051900	1
2020.01.06	25.86	25.92	25.33	25.61	37257	25300900	1
2020.01.07	25.55	25.69	25.03	25.17	26075	14857300	1
2020.01.08	25.28	25.39	24.65	24.78	34318	21266800	1
2020.01.09	24.87	24.95	24.14	24.38	46543	23124900	1
2020.01.10	24.41	24.60	23.88	23.94	44194	19870000	1
2020.01.13	24.18	24.30	24.03	24.19	31218	16318400	1
2020.01.14	24.21	24.23	23.87	24.17	30797	14231300	1
2020.01.15	24.04	24.07	23.55	23.74	45646	21264300	1
2020.01.16	23.83	24.26	23.74	24.08	40996	24654400	1
2020.01.17	24.23	24.72	24.18	24.64	37000	22535700	1
2020.01.20	24.51	24.58	24.06	24.17	21124	14011700	1
2020.01.21	23.98	24.10	23.35	23.36	53490	23482400	1
2020.01.22	23.64	23.73	23.32	23.44	31772	17860200	1
2020.01.23	23.28	24.30	23.18	24.06	49522	29248100	1
2020.01.24	24.14	24.25	23.61	23.88	25368	13412200	1
2020.01.27	23.62	23.69	23.24	23.33	35321	14253400	1
2020.01.28	23.53	23.66	23.21	23.36	30590	12507200	1
2020.01.29	23.54	23.58	22.94	23.02	32039	16164300	1
2020.01.30	22.75	23.31	22.64	23.25	35071	15806900	1
2020.01.31	22.97	23.14	22.68	22.87	35320	17359700	1
2020.02.03	22.93	23.28	22.81	23.01	36996	15142300	1
2020.02.04	23.47	23.48	22.98	23.02	45732	20571100	1
2020.02.05	23.66	24.07	23.43	23.47	66737	39346600	1
2020.02.06	23.65	23.84	23.07	23.20	47099	23419700	1
2020.02.07	23.09	23.79	23.06	23.46	50388	22761900	1
2020.02.10	23.54	23.97	23.31	23.71	40420	24456100	1
2020.02.11	24.01	24.25	23.73	23.92	48413	27205900	1
2020.02.12	23.91	24.01	23.37	23.60	56980	49260400	1
2020.02.13	23.43	23.43	22.97	23.15	31550	19930300	1
2020.02.14	23.14	23.18	22.54	22.63	27719	22115300	1
2020.02.17	22.70	22.74	22.44	22.44	21650	10809200	1
2020.02.18	22.32	22.56	22.08	22.35	50724	26155200	1
2020.02.19	22.23	23.00	22.18	22.67	49149	27194500	1
2020.02.20	22.89	22.89	22.31	22.34	39515	20948900	1
2020.02.21	22.23	22.34	21.96	22.17	33191	16212100	1
2020.02.26	21.38	21.56	20.78	20.98	64597	29058600	1
2020.02.27	20.71	21.68	20.71	20.89	69318	36056000	1
2020.02.28	20.96	21.39	20.70	21.28	90695	41908000	1
2020.03.02	21.29	21.66	20.99	21.56	68490	33342600	1
2020.03.03	21.34	21.64	20.86	21.00	61877	30969000	1
2020.03.04	21.32	21.36	20.73	21.23	49522	29293400	1
2020.03.05	21.02	21.19	20.35	20.54	55956	24099500	1
2020.03.06	19.91	20.39	19.68	19.95	64963	30164700	1
2020.03.09	18.60	19.14	18.23	18.51	118079	45704200	1
2020.03.10	19.52	19.78	18.28	18.96	76319	33151500	1
2020.03.11	18.48	18.67	16.74	17.43	76894	35171000	1
2020.03.12	15.34	15.90	14.64	15.09	73566	38347800	1
2020.03.13	17.92	17.95	15.35	17.63	139967	59463300	1
2020.03.16	15.62	16.85	15.09	15.12	114626	45732600	1
2020.03.17	15.58	17.13	15.10	16.33	117613	54056700	1
2020.03.18	15.20	15.70	13.74	14.43	124702	58893000	1
2020.03.19	13.95	14.98	13.19	14.47	122086	54071400	1
2020.03.20	15.01	15.13	13.22	13.42	125269	49982500	1
2020.03.23	13.60	13.74	12.06	12.32	123500	53115100	1
2020.03.24	13.26	14.37	13.19	14.18	76253	36735300	1
2020.03.25	13.94	16.33	13.86	15.24	82995	35526300	1
2020.03.26	15.48	16.23	14.89	15.56	93777	38259800	1
2020.03.27	14.78	15.20	14.44	14.55	69918	31625400	1
2020.03.30	14.74	15.22	14.48	15.00	57067	31806800	1
2020.03.31	14.82	14.98	14.22	14.48	71524	38698800	1
2020.04.01	13.95	14.06	13.51	13.85	62860	25488400	1
2020.04.02	13.85	14.22	13.69	13.92	64398	29765000	1
2020.04.03	13.82	13.84	12.71	13.41	64712	40799900	1
2020.04.06	14.40	14.92	14.33	14.68	70144	56510400	1
2020.04.07	15.70	16.00	15.19	15.23	76249	36632700	1
2020.04.08	15.28	15.92	15.16	15.63	56260	33738800	1
2020.04.09	15.84	16.25	15.53	15.62	79230	37623000	1
2020.04.13	15.61	16.03	15.21	16.03	56519	32108700	1
2020.04.14	16.50	16.93	16.20	16.20	79213	34321300	1
2020.04.15	15.92	16.17	15.66	15.74	59992	36014400	1
2020.04.16	15.98	16.00	15.28	15.33	67440	28971400	1
2020.04.17	15.72	15.88	15.17	15.63	48868	26562300	1
2020.04.20	15.26	15.41	15.01	15.12	81161	41269700	1
2020.04.22	14.97	15.46	14.87	15.07	82125	43114600	1
2020.04.23	15.28	15.47	14.61	14.85	69862	42452400	1
2020.04.24	14.61	14.75	13.20	13.69	150497	72531500	1
2020.04.27	14.31	14.63	13.93	14.09	69506	43744300	1
2020.04.28	15.01	15.54	14.88	15.33	87557	57055500	1
2020.04.29	15.76	15.91	15.27	15.84	67624	36503300	1
2020.04.30	14.62	15.04	14.62	14.70	123962	68378700	1
2020.05.04	14.36	14.39	13.88	14.05	90556	43993500	1
2020.05.05	14.21	14.63	13.95	14.06	90718	50970300	1
2020.05.06	14.09	14.17	13.59	13.77	76488	41718200	1
2020.05.07	13.87	13.89	13.06	13.18	135467	70090100	1
2020.05.08	13.55	13.93	13.42	13.77	67311	39784100	1
2020.05.11	13.68	14.26	13.56	13.56	58381	30191700	1
2020.05.12	13.77	13.81	13.14	13.14	83106	40293500	1
2020.05.13	13.28	13.45	12.76	13.02	90026	53395600	1
2020.05.14	12.81	13.76	12.38	13.74	105109	68144200	1
2020.05.15	13.63	13.85	13.15	13.15	62277	40009200	1
2020.05.18	13.79	13.88	13.40	13.84	79198	47697100	1
2020.05.19	13.78	13.83	13.43	13.43	65513	34514500	1
2020.05.20	13.52	13.69	13.35	13.57	46332	27681800	1
2020.05.21	13.68	14.44	13.61	14.32	71272	55355500	1
2020.05.22	14.16	14.60	14.01	14.41	73616	40950100	1
2020.05.25	15.05	15.48	14.81	15.43	67184	41438100	1
2020.05.26	15.74	15.78	14.65	14.76	104337	60359400	1
2020.05.27	15.06	15.15	14.74	15.01	55395	31464000	1
2020.05.28	14.88	15.11	14.64	14.67	70300	36286400	1
2020.05.29	14.67	14.67	14.19	14.56	82844	69864800	1
2020.06.01	14.51	15.32	14.44	15.21	80742	60452200	1
2020.06.02	15.51	15.92	15.41	15.89	77667	47315300	1
2020.06.03	16.64	16.92	16.42	16.60	121800	75589400	1
2020.06.04	16.45	17.04	16.16	16.84	78590	58102200	1
2020.06.05	17.95	18.17	17.05	17.15	114352	72838100	1
2020.06.08	17.45	18.07	17.38	18.05	78175	57575800	1
2020.06.09	17.58	18.00	17.40	17.65	85440	51473300	1
2020.06.10	17.99	18.05	16.76	16.82	89572	60867100	1
2020.06.12	16.42	16.79	16.29	16.63	126848	73869400	1
2020.06.15	16.15	16.53	15.99	16.26	83418	67015700	1
2020.06.16	16.91	17.13	16.52	16.94	81347	52321400	1
2020.06.17	16.92	17.55	16.91	17.21	99259	53960500	1
2020.06.18	17.00	17.50	16.88	17.15	92284	55705800	1
2020.06.19	17.42	17.51	16.81	17.19	68741	73020100	1
2020.06.22	17.22	17.29	16.52	16.59	66589	37028300	1
2020.06.23	16.92	16.99	16.41	16.57	69509	36341300	1
2020.06.24	16.48	16.63	15.92	16.03	78136	45398900	1
2020.06.25	16.23	16.56	16.01	16.42	61208	40764600	1
2020.06.26	16.18	16.39	15.86	15.91	60413	44907200	1
2020.06.29	16.06	16.46	15.96	16.46	67990	48509500	1
2020.06.30	16.32	16.37	15.82	15.92	59086	44396500	1
2020.07.01	16.01	16.42	15.96	16.27	47759	33419700	1
2020.07.02	16.64	16.84	16.31	16.32	50226	37410900	1
2020.07.03	16.30	16.46	16.16	16.43	19954	12407300	1
2020.07.06	16.85	17.47	16.72	17.43	77279	56375200	1
2020.07.07	17.28	17.38	16.71	16.71	68063	55591400	1
2020.07.08	16.93	17.38	16.82	17.28	61748	51838500	1
2020.07.09	17.37	17.48	16.82	16.89	68421	81753700	1
2020.07.10	16.88	17.14	16.66	17.14	58878	72476100	1
2020.07.13	17.31	17.38	16.90	16.90	52124	37239900	1
2020.07.14	16.91	17.20	16.71	17.18	55256	38397400	1
2020.07.15	17.39	17.81	17.31	17.47	84198	47154500	1
2020.07.16	17.31	17.38	17.10	17.16	47088	30174100	1
2020.07.17	17.30	17.49	17.20	17.25	53941	44838300	1
2020.07.20	17.28	17.55	17.14	17.41	60799	39880000	1
2020.07.21	17.70	18.07	17.55	17.88	86609	63552200	1
2020.07.22	17.93	17.97	17.35	17.57	71836	41369600	1
2020.07.23	17.61	17.61	17.26	17.31	50421	30863200	1
2020.07.24	17.16	17.59	16.99	17.42	51447	28647200	1
2020.07.27	17.61	18.26	17.57	18.22	71917	54622000	1
2020.07.28	18.02	18.58	17.97	18.10	65519	42400700	1
2020.07.29	18.39	18.70	18.39	18.67	58899	45986100	1
2020.07.30	18.45	18.65	17.85	18.02	81133	64762000	1
2020.07.31	18.16	18.22	17.15	17.27	107530	75911000	1
2020.08.03	17.45	17.51	16.91	17.08	98971	55476700	1
2020.08.04	16.89	17.27	16.43	16.73	89207	67923500	1
2020.08.05	16.96	17.04	16.50	16.80	82822	37275600	1
2020.08.06	16.86	17.14	16.60	16.92	67470	41553100	1
2020.08.07	16.72	17.37	16.57	16.82	90632	58271300	1
2020.08.10	16.90	17.12	16.70	16.96	55509	28936100	1
2020.08.11	17.17	17.29	16.83	16.83	53582	32018100	1
2020.08.12	16.95	17.10	16.50	16.67	60709	43804300	1
2020.08.13	16.75	16.92	16.26	16.33	65182	32373600	1
2020.08.14	16.39	16.53	16.22	16.35	52826	33017900	1
2020.08.17	16.29	16.35	15.71	15.87	82580	50036300	1
2020.08.18	16.24	16.29	15.95	16.04	73295	41816600	1
2020.08.19	16.11	16.21	15.89	15.98	58627	53093400	1
2020.08.20	15.69	16.03	15.62	15.94	60627	33790600	1
2020.08.21	15.92	16.03	15.76	15.94	35892	24130400	1
2020.08.24	16.11	16.50	16.10	16.30	57923	31869300	1
2020.08.25	16.44	16.49	16.13	16.30	38001	29474600	1
2020.08.26	16.29	16.39	15.79	15.96	65874	37684500	1
2020.08.27	15.99	16.44	15.94	16.20	59649	35179600	1
2020.08.28	16.36	16.62	16.26	16.53	46552	36203900	1
2020.08.31	16.40	16.47	15.97	15.97	50921	46540000	1
2020.09.01	16.21	16.42	16.15	16.30	54196	41066800	1
2020.09.02	16.41	16.43	16.12	16.28	43465	27487900	1
2020.09.03	16.23	17.18	16.22	16.92	110546	106455800	1
2020.09.04	17.18	17.29	16.79	16.93	57344	47062200	1
2020.09.08	16.70	16.82	16.57	16.66	45009	27739700	1
2020.09.09	16.80	16.95	16.52	16.62	44798	29316000	1
2020.09.10	16.59	16.69	16.04	16.07	58110	45742200	1
2020.09.11	16.11	16.15	15.67	15.77	56636	38615000	1
2020.09.14	15.92	16.02	15.58	15.95	54364	56486100	1
2020.09.15	15.99	16.01	15.64	15.78	52987	37163200	1
2020.09.16	15.78	16.08	15.72	15.81	49432	35368900	1
2020.09.17	15.62	15.93	15.60	15.85	32017	25381900	1
2020.09.18	15.78	15.81	15.44	15.48	50808	61480000	1
2020.09.21	15.18	15.32	15.03	15.24	62325	47514600	1
2020.09.22	15.28	15.52	15.17	15.34	33057	24870900	1
2020.09.23	15.22	15.33	14.95	14.97	40908	26242100	1
2020.09.24	14.98	15.39	14.94	15.26	52315	33852900	1
2020.09.25	15.18	15.24	15.01	15.24	28712	17058200	1
2020.09.28	15.45	15.88	15.11	15.20	74348	68480700	1
2020.09.29	15.22	15.24	14.79	14.84	59278	45960300	1
2020.09.30	14.91	15.10	14.84	14.96	47117	32004900	1
2020.10.01	14.99	15.09	14.81	15.03	37331	23824100	1
2020.10.02	14.97	15.70	14.92	15.15	58394	51450800	1
2020.10.05	15.21	15.48	14.93	15.36	41266	34378000	1
2020.10.06	15.54	15.70	15.21	15.31	38634	30252800	1
2020.10.07	15.41	15.44	15.10	15.15	48533	29290600	1
2020.10.08	15.16	16.02	15.12	15.93	90322	65285100	1
2020.10.09	15.78	16.31	15.59	16.00	72565	71614400	1
2020.10.13	16.07	16.24	15.90	16.09	57918	29852600	1
2020.10.14	16.14	16.25	16.06	16.11	37611	28263900	1
2020.10.15	15.87	16.24	15.80	16.00	42403	33694700	1
2020.10.16	15.93	15.94	15.68	15.68	33159	23282900	1
2020.10.19	15.80	16.25	15.67	15.90	47282	51663600	1
2020.10.20	16.04	16.74	16.04	16.58	74834	64500300	1
2020.10.21	16.58	16.98	16.38	16.75	67092	62936800	1
2020.10.22	16.74	17.66	16.74	17.52	93019	66714400	1
2020.10.23	17.59	18.01	17.31	17.45	77252	63782200	1
2020.10.26	17.35	17.76	17.30	17.66	43918	38850100	1
2020.10.27	18.04	18.13	17.06	17.17	98029	77087400	1
2020.10.28	16.82	16.82	16.17	16.20	78988	66142300	1
2020.10.29	16.04	16.12	15.40	16.04	132156	97373700	1
2020.10.30	15.77	15.97	15.37	15.55	85664	56605300	1
2020.11.03	15.84	16.21	15.68	16.08	89698	57951300	1
2020.11.04	16.37	16.40	15.66	15.96	113349	71735000	1
2020.11.05	16.25	16.32	15.85	16.21	73409	49510300	1
2020.11.06	16.02	16.25	15.98	16.17	47046	39437100	1
2020.11.09	17.10	17.96	16.87	17.71	145507	119615500	1
2020.11.10	17.77	19.01	17.77	18.85	138622	135808900	1
2020.11.11	18.80	18.98	18.23	18.77	89017	76246400	1
2020.11.12	18.76	18.77	17.92	18.03	82028	54954900	1
2020.11.13	18.23	18.67	18.01	18.67	68766	55545400	1
2020.11.16	19.06	19.53	19.00	19.50	107793	102063000	1
2020.11.17	19.30	19.61	19.08	19.61	80424	63360500	1
2020.11.18	19.54	19.62	19.01	19.01	70635	50655500	1
2020.11.19	19.01	19.38	18.94	19.02	50111	32924100	1
2020.11.20	18.97	19.14	18.64	18.81	36693	26730300	1
2020.11.23	19.04	19.17	18.81	18.90	34557	31307600	1
2020.11.24	19.08	20.03	19.07	19.75	97055	73876400	1
2020.11.25	19.70	19.82	19.28	19.49	58429	42328800	1
2020.11.26	19.40	19.43	19.07	19.17	32011	20818700	1
2020.11.27	19.33	19.55	19.02	19.02	43554	33092400	1
2020.11.30	18.94	19.17	18.70	18.76	59753	50861700	1
2020.12.01	19.14	20.22	19.09	19.81	95019	64577500	1
2020.12.02	20.01	20.15	19.65	20.02	89974	44891500	1
2020.12.03	20.01	20.64	19.71	19.76	77456	54751800	1
2020.12.04	20.10	20.14	19.66	19.93	50913	39750600	1
2020.12.07	19.82	20.46	19.72	20.06	44897	34791200	1
2020.12.08	20.00	20.34	19.73	19.82	46395	34197900	1
2020.12.09	19.82	20.02	19.73	19.87	45269	32330000	1
2020.12.10	20.04	20.78	20.04	20.69	69533	61757800	1
2020.12.11	20.39	20.72	20.21	20.53	53102	40042700	1
2020.12.14	20.66	20.85	20.42	20.42	43268	30108500	1
2020.12.15	20.58	20.80	20.42	20.42	34250	27413000	1
2020.12.16	20.52	21.23	20.32	20.89	66974	47112700	1
2020.12.17	21.16	21.30	20.81	20.99	63629	38490200	1
2020.12.18	20.96	21.31	20.86	21.02	71948	44708400	1
2020.12.21	20.55	20.92	20.49	20.51	83872	58190200	1
2020.12.22	20.67	21.05	20.67	20.93	43467	31840600	1
2020.12.23	21.10	21.55	20.98	21.41	35723	26350200	1
2020.12.28	21.70	21.83	21.57	21.62	42124	37557800	1
2020.12.29	21.76	21.81	21.41	21.54	41073	22192700	1
2020.12.30	21.61	21.70	21.23	21.23	39049	22033100	1
2021.01.04	21.54	21.54	20.54	20.68	65126	39831700	1
2021.01.05	20.51	20.66	20.10	20.55	60086	38931800	1
2021.01.06	20.58	21.51	20.56	21.19	78014	60592900	1
2021.01.07	21.27	21.90	21.10	21.79	62112	46731900	1
2021.01.08	21.96	22.24	21.31	21.60	67768	50296200	1
2021.01.11	21.23	21.44	20.94	21.22	41772	36504100	1
2021.01.12	21.34	21.45	21.02	21.20	59492	38485700	1
2021.01.13	21.26	21.36	20.55	20.88	48671	46622100	1
2021.01.14	21.00	21.73	20.87	21.52	78044	59720800	1
2021.01.15	21.21	21.35	20.88	20.93	73411	44761600	1
2021.01.18	21.03	21.42	20.83	21.00	53266	42196600	1
2021.01.19	21.20	21.23	20.47	20.66	49948	31724400	1
2021.01.20	20.82	20.84	20.18	20.23	54587	34595900	1
2021.01.21	20.28	20.36	19.76	19.94	58789	35880100	1
2021.01.22	19.53	19.87	19.43	19.58	74199	40912400	1
2021.01.26	19.54	20.06	19.01	19.11	96185	58129800	1
2021.01.27	19.02	19.69	18.86	19.41	64299	65569000	1
2021.01.28	19.39	20.22	19.34	19.98	71802	51635000	1
2021.01.29	19.71	19.96	19.20	19.36	68843	56126800	1
2021.02.01	19.71	19.99	19.58	19.76	58132	45050000	1
2021.02.02	20.06	20.21	19.39	19.68	95588	68364300	1
2021.02.03	19.83	20.07	19.63	19.78	53159	37533200	1
2021.02.04	20.68	20.79	20.21	20.37	117600	94860600	1
2021.02.05	20.37	20.52	20.15	20.26	58146	40846300	1
2021.02.08	20.26	20.29	19.77	19.83	42218	24959700	1
2021.02.09	19.70	20.22	19.51	19.93	45064	45150100	1
2021.02.10	19.87	20.10	19.57	19.71	66056	28492000	1
2021.02.11	19.87	20.03	19.61	19.74	48382	24040500	1
2021.02.12	19.66	19.99	19.55	19.74	34947	22285200	1
2021.02.17	19.60	19.85	19.49	19.72	27615	17238700	1
2021.02.18	19.61	19.95	19.37	19.52	58365	48295900	1
2021.02.19	19.48	19.81	19.29	19.36	39943	30406700	1
2021.02.22	18.66	18.80	18.07	18.09	141445	86245000	1
2021.02.23	18.42	19.16	18.37	18.95	87353	48041200	1
2021.02.24	19.13	19.19	18.55	18.82	60682	35775900	1
2021.02.25	18.76	18.98	18.29	18.37	57969	35839300	1
2021.02.26	18.47	18.68	17.96	18.03	65422	57111000	1
2021.03.01	18.34	18.40	17.41	17.43	79876	58292500	1
2021.03.02	17.10	18.27	16.82	17.90	111582	71812900	1
2021.03.03	17.90	18.37	17.43	18.05	102866	56778800	1
2021.03.04	18.23	19.05	18.19	18.75	104229	72502100	1
2021.03.05	18.90	19.78	18.79	19.64	132369	78299900	1
2021.03.08	19.25	19.98	18.87	18.94	99325	58178800	1
2021.03.09	18.95	19.43	18.66	19.10	75665	42605300	1
2021.03.10	19.25	19.63	18.93	19.42	82659	56557000	1
2021.03.11	19.70	19.97	19.23	19.76	97467	57167300	1
2021.03.12	19.62	19.78	19.43	19.62	58972	44451600	1
2021.03.15	19.49	19.96	19.44	19.90	44373	31126900	1
2021.03.16	19.87	19.94	19.25	19.57	46039	31252400	1
2021.03.17	19.43	20.39	19.40	20.38	82741	60596100	1
2021.03.18	20.27	21.04	20.24	20.76	117888	90552900	1
2021.03.19	20.94	21.12	20.52	20.97	94778	79742400	1
2021.03.22	20.66	20.96	20.49	20.86	58913	46852300	1
2021.03.23	20.60	21.05	20.59	20.63	53418	36922300	1
2021.03.24	20.69	20.82	20.42	20.42	46709	39512800	1
2021.03.25	20.39	20.91	20.24	20.88	58773	54849200	1
2021.03.26	20.78	21.22	20.74	21.02	57279	40210100	1
2021.03.29	21.07	21.19	20.77	21.11	52043	41550500	1
2021.03.30	20.98	21.55	20.97	21.46	52609	37096500	1
2021.03.31	21.49	21.49	20.74	21.00	63515	43063500	1
2021.04.01	21.09	21.14	20.22	20.23	69640	50087500	1
2021.04.05	20.50	20.62	20.25	20.41	40421	32512400	1
2021.04.06	20.45	20.56	19.94	20.09	45823	29978800	1
2021.04.07	20.01	20.22	19.78	19.87	54203	33149200	1
2021.04.08	20.09	20.10	19.71	19.81	53144	31246700	1
2021.04.09	19.70	20.18	19.67	19.78	54240	32080700	1
2021.04.12	19.91	20.18	19.82	20.18	33391	22324200	1
2021.04.13	20.01	20.17	19.78	20.01	48793	28277600	1
2021.04.14	20.09	20.57	19.88	20.25	57283	41294200	1
2021.04.15	20.33	20.53	19.98	20.25	47082	27364600	1
2021.04.16	20.15	20.65	20.14	20.48	43903	27904200	1
2021.04.19	20.61	20.61	20.27	20.39	50373	31294300	1
2021.04.20	20.37	20.53	20.06	20.08	40253	26257600	1
2021.04.22	20.16	20.29	19.86	19.94	45619	26694000	1
2021.04.23	20.08	20.44	19.99	20.31	40670	23229900	1
2021.04.26	20.62	20.82	20.12	20.33	62690	35572100	1
2021.04.27	20.31	20.57	20.13	20.15	58047	37978000	1
2021.04.28	20.48	21.30	20.44	21.15	72502	55099600	1
2021.04.29	21.12	21.33	20.52	20.52	64767	34955300	1
2021.04.30	20.45	20.85	20.31	20.59	59802	57931600	1
2021.05.03	20.86	21.43	20.80	21.20	78790	51594100	1
2021.05.04	21.42	21.47	20.51	20.56	69051	49328700	1
2021.05.05	20.71	20.75	19.99	20.59	97824	62513100	1
2021.05.06	20.43	20.71	20.41	20.70	54405	43819100	1
2021.05.07	20.73	20.94	20.56	20.78	60989	35758200	1
2021.05.10	20.76	21.28	20.59	21.28	64662	54366300	1
2021.05.11	20.99	21.46	20.99	21.25	52404	39641900	1
2021.05.12	21.01	21.09	20.59	20.82	62134	43310100	1
2021.05.13	20.81	21.38	20.78	21.30	53793	34472600	1
2021.05.14	21.50	21.71	21.17	21.50	55749	38131300	1
2021.05.17	21.43	21.63	21.21	21.60	39983	26116100	1
2021.05.18	21.52	21.98	21.44	21.94	50244	42635900	1
2021.05.19	21.72	22.09	21.54	22.09	50445	28790100	1
2021.05.20	22.03	22.30	21.97	22.30	52972	32302000	1
2021.05.21	22.24	22.53	21.92	22.40	64170	54753300	1
2021.05.24	22.46	22.58	22.25	22.34	38615	22838800	1
2021.05.25	22.42	22.42	22.07	22.23	37174	23198000	1
2021.05.26	22.30	22.78	22.26	22.74	50491	38620500	1
2021.05.27	22.74	22.94	22.30	22.87	51740	69860400	1
2021.05.28	22.68	23.04	22.65	22.93	42337	27774000	1
2021.05.31	22.97	23.00	22.69	22.87	30577	14895400	1
2021.06.01	23.09	23.39	22.96	23.39	69216	49238800	1
